PatchID,Residues,PatchClass
0,"A112,A117,A116,A119,A118,A120,A89,A0,A99,A95,A122,A96,A91,A90,A93,A92",Real
1,"A175,A209,A210,A213,A214,A249,A250,A252,A253,A254,A256,A257,A258,A259,A265,A266,A267,A269,A270,A271",MonteCarlo
2,"A111,A112,A113,A114,A115,A130,A132,A133,A328,A329,A331,A332,A91,A92,A93,A94,A95,A96,A97,A98",MonteCarlo
3,"A237,A238,A241,A244,A245,A271,A273,A274,A275,A276,A277,A278,A279,A280,A281,A282,A295,A300,A302,A304",MonteCarlo
4,"A186,A202,A203,A205,A206,A207,A209,A210,A212,A213,A215,A252,A253,A254,A255,A256,A258,A270,A348,A349",MonteCarlo
5,"A202,A203,A204,A205,A206,A207,A253,A254,A256,A258,A259,A264,A265,A266,A267,A318,A334,A335,A337,A338",MonteCarlo
6,"A232,A233,A234,A236,A237,A238,A241,A277,A278,A280,A281,A284,A286,A287,A288,A289,A290,A291,A294",MonteCarlo
7,"A139,A140,A142,A143,A146,A147,A149,A150,A151,A306,A309,A310,A312,A342,A343,A344,A345,A346,A347,A348,A349",MonteCarlo
8,"A163,A164,A173,A292,A293,A294,A295,A297,A300,A302,A354,A357,A358,A359,A360,A361,A362,A363,A365,A366",MonteCarlo
9,"A0,A111,A114,A115,A116,A117,A118,A119,A120,A121,A123,A196,A90,A91,A92,A93,A95,A96,A97",MonteCarlo
10,"A202,A205,A206,A209,A241,A245,A253,A256,A259,A264,A265,A266,A267,A268,A269,A270,A271,A273,A274,A276,A277",MonteCarlo
11,"A238,A273,A274,A275,A276,A277,A278,A279,A280,A281,A282,A283,A284,A286,A287,A288,A290,A291,A300,A301,A302",MonteCarlo
12,"A172,A175,A214,A217,A221,A229,A231,A232,A233,A234,A235,A236,A237,A238,A239,A240,A241,A242,A243,A250",MonteCarlo
13,"A100,A101,A102,A103,A104,A105,A106,A116,A117,A118,A196,A201,A259,A261,A91,A93,A95,A98,A99",MonteCarlo
14,"A209,A242,A245,A249,A253,A256,A258,A259,A260,A261,A262,A264,A265,A266,A267,A268,A269,A270,A273,A274,A277",MonteCarlo
15,"A103,A104,A105,A106,A115,A116,A117,A118,A194,A196,A197,A198,A199,A201,A202,A259,A260,A261,A262,A93,A95",MonteCarlo
16,"A152,A153,A154,A155,A156,A157,A158,A161,A164,A165,A166,A167,A169,A170,A172,A221,A225,A228,A235",MonteCarlo
17,"A149,A150,A151,A152,A153,A154,A155,A156,A157,A161,A164,A165,A166,A170,A352,A354,A356,A357,A358,A359,A361,A363",MonteCarlo
18,"A145,A146,A147,A149,A150,A151,A152,A153,A154,A155,A156,A157,A170,A181,A182,A185,A186,A210,A214",MonteCarlo
19,"A103,A198,A201,A202,A251,A252,A253,A254,A255,A256,A258,A266,A267,A268,A269,A270,A271,A273",MonteCarlo
20,"A161,A163,A164,A165,A169,A170,A227,A285,A289,A291,A359,A360,A361,A362,A363,A364,A365,A366",MonteCarlo
21,"A220,A223,A225,A229,A235,A238,A239,A241,A242,A270,A274,A275,A276,A277,A278,A353,A354,A356,A357,A358,A359,A360,A362",MonteCarlo
22,"A171,A175,A178,A209,A212,A214,A217,A221,A239,A241,A242,A243,A266,A267,A268,A269,A270,A271,A273,A274,A277",MonteCarlo
23,"A141,A184,A208,A209,A212,A258,A267,A269,A270,A271,A302,A304,A344,A345,A346,A347,A348,A349,A350,A353",MonteCarlo
24,"A113,A114,A115,A129,A130,A131,A132,A133,A134,A139,A140,A143,A335,A337,A338,A91,A92,A93,A94,A95",MonteCarlo
25,"A202,A203,A205,A206,A209,A210,A248,A249,A250,A251,A252,A253,A254,A256,A271,A272,A274,A310,A311,A312,A314,A315",MonteCarlo
26,"A245,A248,A249,A252,A257,A258,A259,A260,A262,A263,A265,A266,A267,A268,A269,A270,A271,A273,A274,A275,A277",MonteCarlo
27,"A168,A169,A225,A227,A228,A235,A284,A285,A286,A287,A288,A289,A290,A291,A293,A294,A297,A357,A358,A361",MonteCarlo
28,"A209,A213,A249,A250,A251,A252,A253,A254,A255,A256,A257,A258,A259,A260,A267,A271,A307,A310",MonteCarlo
29,"A235,A239,A240,A241,A242,A243,A244,A245,A247,A248,A249,A250,A251,A273,A274,A276,A277,A278,A279,A280,A281,A283",MonteCarlo
30,"A111,A112,A113,A114,A115,A126,A129,A130,A131,A132,A133,A135,A136,A139,A332,A333,A94,A95,A96,A97",MonteCarlo
31,"A152,A153,A154,A155,A156,A157,A158,A164,A165,A167,A169,A170,A171,A174,A175,A177,A178,A181,A182",MonteCarlo
32,"A163,A223,A278,A279,A282,A283,A285,A286,A289,A294,A297,A358,A359,A360,A361,A362,A363,A364,A365,A366",MonteCarlo
33,"A101,A103,A104,A105,A106,A114,A115,A126,A130,A190,A194,A201,A202,A205,A206,A256,A259,A93,A94,A95",MonteCarlo
34,"A228,A233,A234,A237,A238,A241,A276,A277,A278,A279,A280,A281,A283,A284,A286,A289,A291,A293,A294",MonteCarlo
35,"A171,A174,A175,A178,A181,A182,A186,A207,A209,A210,A213,A214,A217,A243,A247,A249,A250,A251,A252,A254",MonteCarlo
36,"A141,A146,A147,A150,A152,A153,A156,A167,A168,A170,A171,A172,A174,A175,A177,A184,A219,A221,A340,A344,A345,A348",MonteCarlo
37,"A146,A147,A150,A151,A152,A153,A154,A155,A156,A157,A158,A164,A165,A173,A345,A349,A352",MonteCarlo
38,"A103,A116,A117,A118,A119,A120,A121,A123,A196,A197,A199,A200,A201,A202,A256,A91,A92,A93,A95",MonteCarlo
39,"A202,A203,A205,A206,A209,A212,A213,A216,A255,A256,A257,A258,A259,A267,A269,A270,A271,A273,A274,A275",MonteCarlo
40,"A164,A295,A297,A300,A301,A302,A350,A353,A354,A356,A357,A358,A359,A360,A361,A362,A363,A364,A365,A366,A367",MonteCarlo
41,"A100,A101,A102,A103,A104,A105,A106,A117,A118,A119,A196,A255,A256,A257,A258,A259,A260,A261",MonteCarlo
42,"A209,A210,A212,A249,A250,A251,A252,A253,A254,A255,A256,A258,A264,A265,A266,A267,A268,A343,A344,A346",MonteCarlo
43,"A101,A102,A103,A104,A105,A116,A117,A118,A119,A120,A121,A122,A123,A196,A91,A92,A95,A99",MonteCarlo
44,"A100,A101,A102,A103,A104,A105,A115,A116,A117,A118,A119,A120,A121,A122,A123,A196,A202,A92,A95,A99",MonteCarlo
45,"A101,A102,A103,A104,A105,A113,A114,A115,A116,A117,A133,A134,A333,A334,A337,A338,A339,A340,A93,A94,A95",MonteCarlo
46,"A163,A164,A297,A354,A356,A357,A358,A359,A360,A361,A362,A363,A364,A365,A366,A367,A369,A371",MonteCarlo
47,"A232,A233,A234,A237,A238,A241,A245,A270,A271,A273,A274,A275,A276,A277,A278,A279,A280,A281,A282,A283",MonteCarlo
48,"A106,A107,A202,A205,A256,A258,A259,A260,A264,A265,A266,A267,A268,A269,A318,A319,A320,A324,A327,A329",MonteCarlo
49,"A175,A186,A206,A209,A210,A213,A214,A217,A221,A243,A247,A248,A249,A250,A251,A252,A253,A254,A255,A256",MonteCarlo
50,"A289,A290,A291,A293,A294,A295,A297,A300,A302,A357,A358,A361,A362,A363,A364,A365,A366,A367,A368,A369",MonteCarlo
51,"A279,A282,A283,A284,A286,A287,A288,A289,A290,A291,A293,A294,A295,A297,A300,A303,A306,A348,A349",MonteCarlo
52,"A217,A234,A238,A241,A242,A243,A244,A245,A247,A248,A251,A270,A273,A274,A275,A276,A277,A278,A279,A280,A281,A284",MonteCarlo
53,"A221,A236,A239,A240,A241,A242,A243,A244,A245,A269,A270,A271,A272,A273,A274,A275,A277,A306,A310,A311,A314",MonteCarlo
54,"A161,A162,A163,A164,A173,A297,A302,A354,A356,A357,A358,A359,A360,A361,A362,A363,A364,A365",MonteCarlo
55,"A269,A270,A271,A272,A273,A274,A275,A276,A278,A279,A280,A282,A297,A300,A302,A310,A349,A350,A353,A357",MonteCarlo
56,"A121,A196,A198,A199,A200,A204,A206,A207,A209,A210,A213,A249,A250,A251,A252,A253,A254,A255,A256",MonteCarlo
57,"A245,A267,A269,A270,A271,A272,A273,A274,A275,A276,A277,A278,A279,A280,A283,A284,A310,A311,A312,A314",MonteCarlo
58,"A225,A229,A238,A241,A280,A283,A284,A286,A287,A288,A289,A290,A291,A292,A293,A362,A366",MonteCarlo
59,"A111,A112,A113,A129,A130,A131,A132,A135,A136,A139,A140,A327,A328,A329,A331,A332,A333,A338,A94",MonteCarlo
60,"A202,A206,A209,A210,A213,A216,A249,A250,A253,A272,A302,A304,A305,A307,A308,A309,A310,A311,A312,A314,A315,A316",MonteCarlo
61,"A103,A105,A106,A201,A202,A205,A206,A209,A248,A249,A250,A251,A252,A253,A254,A256,A259,A261,A264,A265,A267",MonteCarlo
62,"A223,A277,A278,A279,A281,A282,A283,A286,A287,A290,A291,A292,A293,A294,A295,A296,A297,A300,A358",MonteCarlo
63,"A295,A297,A300,A301,A302,A304,A305,A308,A309,A310,A311,A312,A346,A349,A350,A353,A357,A358,A361",MonteCarlo
64,"A154,A155,A164,A173,A229,A230,A232,A235,A359,A360,A361,A362,A363,A364,A365,A366,A367,A368",MonteCarlo
65,"A106,A108,A109,A255,A256,A257,A258,A259,A260,A261,A264,A267,A271,A317,A327,A337,A340",MonteCarlo
66,"A-1,A110,A111,A112,A113,A114,A115,A126,A129,A130,A131,A132,A133,A134,A335,A89,A94,A95,A96,A97",MonteCarlo
67,"A109,A209,A212,A264,A267,A271,A317,A319,A320,A324,A326,A327,A329,A330,A333,A334,A337,A338,A340",MonteCarlo
68,"A103,A104,A106,A116,A117,A118,A119,A194,A196,A197,A198,A199,A201,A202,A91,A92,A93,A95",MonteCarlo
69,"A206,A209,A210,A212,A213,A217,A243,A247,A249,A250,A251,A252,A253,A254,A255,A256,A258,A259,A344,A346,A349",MonteCarlo
70,"A103,A104,A113,A114,A115,A116,A117,A133,A194,A198,A199,A201,A202,A203,A205,A206,A208,A209,A212,A93,A94,A95",MonteCarlo
71,"A147,A150,A300,A301,A302,A303,A304,A305,A306,A307,A308,A309,A310,A311,A345,A346,A347,A348,A349,A350",MonteCarlo
72,"A103,A116,A117,A129,A130,A196,A197,A198,A201,A202,A203,A205,A206,A209,A210,A253,A254,A256,A93",MonteCarlo
73,"A152,A153,A154,A155,A156,A157,A158,A161,A164,A166,A170,A171,A172,A174,A175,A177,A214,A221",MonteCarlo
74,"A238,A241,A245,A265,A266,A267,A268,A269,A270,A271,A272,A273,A275,A276,A277,A278,A280,A310,A311,A312,A314,A315",MonteCarlo
75,"A101,A102,A103,A104,A105,A106,A190,A194,A201,A205,A209,A212,A259,A261,A262,A264,A266,A267,A268,A269,A270,A271",MonteCarlo
76,"A293,A295,A296,A297,A300,A301,A302,A304,A305,A307,A308,A309,A310,A311,A312,A347,A350,A357,A358,A361",MonteCarlo
77,"A223,A278,A282,A283,A285,A286,A287,A289,A290,A291,A357,A358,A359,A360,A361,A362,A363,A364,A365,A366",MonteCarlo
78,"A106,A108,A109,A111,A114,A116,A117,A118,A119,A190,A196,A320,A324,A325,A327,A95,A96,A97,A98",MonteCarlo
79,"A241,A243,A244,A245,A265,A266,A267,A268,A269,A270,A271,A273,A274,A275,A276,A277,A278,A279,A280,A281,A282",MonteCarlo
80,"A169,A225,A228,A229,A230,A231,A232,A233,A234,A235,A360,A361,A362,A363,A364,A365,A366,A367,A368",MonteCarlo
81,"A140,A206,A208,A209,A210,A212,A213,A249,A250,A251,A252,A253,A254,A255,A256,A257,A258,A259,A260,A337,A338",MonteCarlo
82,"A209,A210,A212,A213,A214,A249,A250,A251,A252,A253,A254,A256,A257,A258,A259,A260,A261,A262,A263,A340",MonteCarlo
83,"A146,A147,A265,A266,A267,A268,A269,A271,A272,A308,A309,A310,A311,A312,A314,A315,A343,A345,A346,A349",MonteCarlo
84,"A161,A163,A164,A165,A169,A170,A227,A285,A289,A293,A359,A360,A361,A362,A363,A364,A365,A366",MonteCarlo
85,"A129,A139,A140,A308,A309,A310,A311,A312,A314,A315,A316,A339,A342,A343,A344,A345,A346,A347,A348,A349",MonteCarlo
86,"A140,A143,A146,A147,A149,A150,A151,A152,A153,A154,A155,A156,A342,A344,A345,A346,A349,A350,A352",MonteCarlo
87,"A103,A104,A105,A106,A111,A114,A115,A116,A117,A118,A119,A120,A121,A196,A197,A198,A199,A200,A201,A202,A95,A97",MonteCarlo
88,"A262,A264,A265,A266,A267,A268,A269,A270,A271,A272,A273,A274,A275,A276,A277,A310,A317,A334,A337,A338",MonteCarlo
89,"A271,A273,A274,A275,A276,A277,A278,A279,A280,A281,A282,A283,A284,A286,A287,A305,A307,A308,A309,A310,A340,A347",MonteCarlo
90,"A293,A294,A295,A297,A300,A301,A302,A304,A305,A353,A354,A357,A358,A360,A361,A362,A363,A364,A366",MonteCarlo
91,"A111,A112,A113,A114,A115,A116,A117,A118,A119,A120,A121,A133,A196,A329,A331,A333,A334,A338,A94,A95,A96",MonteCarlo
92,"A101,A102,A103,A104,A105,A106,A113,A114,A115,A116,A117,A131,A132,A133,A257,A259,A317,A93,A94,A95",MonteCarlo
93,"A152,A155,A156,A173,A293,A297,A302,A352,A353,A354,A355,A356,A357,A358,A359,A361,A362,A363,A364,A365,A366,A368",MonteCarlo
94,"A174,A175,A177,A178,A181,A182,A217,A221,A236,A237,A239,A240,A241,A242,A243,A244,A245,A247,A248",MonteCarlo
95,"A103,A118,A186,A189,A190,A196,A197,A198,A199,A201,A202,A203,A204,A205,A206,A207,A256,A91,A92",MonteCarlo
96,"A205,A206,A209,A252,A253,A254,A255,A256,A257,A258,A259,A267,A270,A271,A273,A337,A338,A339,A340",MonteCarlo
97,"A264,A265,A266,A267,A268,A269,A270,A271,A272,A273,A275,A276,A310,A314,A333,A334,A337,A338,A340",MonteCarlo
98,"A202,A205,A206,A249,A250,A251,A252,A253,A254,A255,A256,A270,A271,A273,A274,A275,A276,A277,A310,A340",MonteCarlo
99,"A209,A210,A212,A213,A217,A237,A239,A240,A241,A242,A243,A244,A247,A248,A249,A250,A251,A252,A253,A254,A344",MonteCarlo
100,"A165,A167,A169,A225,A228,A229,A230,A231,A232,A233,A234,A235,A237,A238,A275,A276,A277,A278,A279,A280,A281",MonteCarlo
101,"A103,A105,A106,A202,A245,A249,A259,A261,A262,A264,A265,A266,A267,A268,A269,A270,A271,A273,A274,A318",MonteCarlo
102,"A304,A305,A307,A308,A309,A310,A311,A312,A314,A315,A319,A321,A324,A342,A343,A344,A345,A346,A347,A348,A349,A350",MonteCarlo
103,"A199,A202,A203,A205,A206,A209,A212,A213,A216,A256,A258,A259,A260,A266,A267,A269,A270,A271,A273,A274",MonteCarlo
104,"A163,A227,A228,A229,A230,A231,A285,A286,A288,A289,A290,A291,A293,A294,A297,A360,A361,A362,A363",MonteCarlo
105,"A223,A238,A277,A278,A280,A281,A282,A297,A300,A301,A302,A303,A304,A357,A358,A360,A361,A362,A363,A364,A365",MonteCarlo
106,"A163,A164,A169,A173,A228,A229,A230,A231,A232,A233,A234,A235,A359,A360,A362,A363,A364,A365,A367",MonteCarlo
107,"A100,A101,A102,A103,A104,A105,A106,A201,A202,A205,A206,A252,A253,A254,A256,A258,A259,A260,A261,A262,A263,A266",MonteCarlo
108,"A238,A275,A276,A277,A278,A280,A281,A284,A286,A287,A288,A289,A290,A291,A292,A293,A294,A295,A302",MonteCarlo
109,"A282,A286,A297,A300,A303,A304,A305,A306,A307,A308,A310,A312,A346,A347,A349,A350,A353,A354,A357,A358,A360,A361",MonteCarlo
110,"A286,A290,A291,A293,A294,A295,A297,A300,A301,A302,A346,A349,A353,A354,A356,A357,A358,A359,A360,A361",MonteCarlo
111,"A249,A252,A256,A258,A260,A262,A263,A264,A265,A266,A267,A268,A269,A270,A271,A272,A307,A310,A311,A314",MonteCarlo
112,"A286,A287,A295,A297,A300,A301,A302,A303,A304,A305,A308,A309,A346,A349,A350,A353,A354,A357,A358",MonteCarlo
113,"A258,A265,A266,A267,A268,A269,A270,A271,A272,A273,A276,A308,A309,A310,A311,A312,A314,A315,A335,A337,A340",MonteCarlo
114,"A210,A213,A242,A243,A249,A250,A251,A252,A253,A254,A255,A256,A270,A271,A272,A274,A310,A311,A312,A314,A315",MonteCarlo
115,"A103,A106,A117,A201,A202,A203,A205,A206,A209,A249,A252,A253,A254,A259,A265,A266,A267,A268,A269,A270,A271,A273",MonteCarlo
116,"A147,A150,A151,A152,A153,A154,A155,A156,A157,A164,A170,A171,A174,A175,A177,A178,A186,A210,A214",MonteCarlo
117,"A149,A152,A153,A154,A155,A156,A158,A163,A164,A173,A177,A181,A352,A354,A355,A356,A357,A359,A360,A361,A363",MonteCarlo
118,"A163,A164,A169,A228,A229,A235,A236,A239,A359,A360,A361,A362,A363,A364,A365,A366,A367",MonteCarlo
119,"A168,A171,A172,A175,A221,A225,A228,A229,A230,A231,A232,A234,A235,A239,A242,A243,A367,A368,A369",MonteCarlo
120,"A106,A206,A209,A212,A213,A248,A249,A250,A251,A252,A253,A254,A255,A256,A257,A258,A259,A260",MonteCarlo
121,"A164,A293,A294,A295,A297,A300,A301,A302,A304,A357,A359,A360,A361,A362,A363,A364,A365,A366,A367",MonteCarlo
122,"A262,A265,A266,A267,A268,A269,A270,A271,A272,A273,A275,A276,A309,A310,A314,A340,A342,A343,A344,A346,A347",MonteCarlo
123,"A111,A112,A113,A114,A115,A116,A117,A118,A119,A120,A121,A122,A123,A125,A126,A128,A196,A331,A94,A95,A96",MonteCarlo
124,"A147,A151,A152,A153,A154,A155,A156,A157,A158,A161,A164,A166,A170,A345,A346,A349,A350,A352",MonteCarlo
125,"A198,A199,A201,A202,A203,A205,A206,A208,A209,A210,A212,A213,A216,A249,A251,A252,A253,A254,A255,A256,A274",MonteCarlo
126,"A175,A178,A182,A203,A205,A206,A207,A209,A210,A213,A214,A217,A249,A250,A252,A253,A254,A256,A258,A270,A274",MonteCarlo
127,"A236,A238,A240,A241,A245,A271,A272,A273,A274,A275,A276,A277,A278,A279,A280,A281,A282,A283,A310,A311,A314",MonteCarlo
128,"A163,A220,A223,A278,A280,A281,A282,A283,A284,A286,A357,A358,A359,A360,A361,A362,A363,A364,A365,A366",MonteCarlo
129,"A146,A147,A150,A151,A152,A154,A155,A156,A158,A173,A305,A309,A342,A343,A345,A346,A347,A348,A349,A350,A352",MonteCarlo
130,"A141,A145,A146,A147,A149,A150,A208,A212,A265,A266,A267,A268,A269,A271,A334,A337,A338,A339,A340,A341,A344,A345",MonteCarlo
131,"A100,A101,A102,A103,A104,A105,A106,A256,A257,A258,A259,A260,A261,A262,A263,A266,A317,A99",MonteCarlo
132,"A245,A249,A250,A251,A252,A253,A270,A271,A273,A274,A275,A276,A277,A278,A279,A307,A308,A310,A311,A312,A314,A340",MonteCarlo
133,"A101,A102,A103,A104,A105,A106,A194,A208,A209,A259,A261,A262,A264,A265,A266,A267,A268,A269,A270,A271",MonteCarlo
134,"A163,A164,A227,A228,A285,A286,A289,A290,A291,A293,A294,A359,A360,A361,A362,A363,A364,A365,A366",MonteCarlo
135,"A131,A135,A136,A139,A140,A141,A212,A215,A216,A307,A308,A309,A310,A311,A333,A334,A338,A339,A340,A342,A343,A344",MonteCarlo
136,"A141,A147,A150,A151,A152,A153,A154,A155,A156,A157,A158,A164,A170,A344,A345,A348,A349,A352,A353",MonteCarlo
137,"A161,A163,A164,A170,A295,A297,A300,A302,A354,A356,A357,A358,A359,A360,A361,A362,A363,A364,A365",MonteCarlo
138,"A141,A145,A146,A147,A149,A150,A151,A153,A154,A155,A157,A181,A182,A185,A186,A187,A208,A337,A341,A342,A345",MonteCarlo
139,"A100,A101,A102,A103,A104,A105,A106,A117,A118,A119,A120,A121,A194,A196,A201,A259,A260,A261,A262,A98",MonteCarlo
140,"A134,A141,A309,A321,A322,A324,A325,A326,A327,A328,A329,A330,A334,A335,A337,A338,A339,A340,A341,A343",MonteCarlo
141,"A104,A105,A106,A108,A109,A111,A113,A114,A259,A261,A262,A264,A320,A324,A326,A327,A328,A329,A331",MonteCarlo
142,"A100,A101,A102,A103,A104,A105,A106,A117,A201,A202,A205,A256,A257,A258,A259,A260,A261,A262,A263",MonteCarlo
143,"A167,A168,A171,A172,A174,A175,A177,A178,A217,A220,A221,A225,A242,A274,A275,A276,A277,A278,A279,A280",MonteCarlo
144,"A163,A164,A173,A292,A293,A294,A295,A296,A297,A300,A357,A358,A359,A360,A361,A362,A363,A364,A365,A366",MonteCarlo
145,"A262,A264,A265,A266,A267,A268,A269,A270,A271,A272,A273,A276,A310,A311,A314,A340,A344,A346,A347",MonteCarlo
146,"A103,A104,A111,A112,A113,A114,A115,A116,A117,A118,A196,A198,A199,A201,A202,A91,A93,A94,A95,A96",MonteCarlo
147,"A154,A155,A156,A157,A158,A164,A223,A285,A358,A359,A360,A361,A362,A363,A364,A365,A366",MonteCarlo
148,"A150,A152,A153,A154,A155,A156,A157,A158,A161,A164,A166,A167,A169,A170,A171,A225,A235",MonteCarlo
149,"A163,A164,A165,A169,A229,A230,A231,A232,A360,A361,A362,A363,A364,A365,A366,A367,A368",MonteCarlo
150,"A220,A239,A241,A242,A243,A244,A245,A248,A249,A252,A269,A270,A271,A273,A274,A275,A302,A304,A305,A309,A310",MonteCarlo
151,"A161,A162,A164,A165,A166,A169,A225,A227,A228,A229,A285,A289,A360,A361,A362,A363,A364,A365,A366",MonteCarlo
152,"A272,A273,A276,A277,A278,A279,A280,A281,A282,A283,A284,A286,A300,A303,A306,A309,A310,A311,A339,A343,A346,A347",MonteCarlo
153,"A103,A104,A105,A106,A118,A119,A120,A121,A123,A194,A196,A197,A198,A199,A200,A201,A202,A90,A91,A92",MonteCarlo
154,"A-1,A0,A101,A102,A103,A104,A105,A114,A115,A116,A117,A118,A196,A89,A90,A91,A92,A95,A96,A97",MonteCarlo
155,"A120,A121,A122,A123,A125,A126,A128,A129,A130,A139,A142,A145,A181,A185,A186,A188,A189",MonteCarlo
156,"A238,A240,A241,A242,A243,A244,A245,A247,A248,A273,A274,A275,A276,A277,A278,A279,A280,A281,A282,A283,A286",MonteCarlo
157,"A228,A229,A230,A231,A232,A234,A235,A357,A360,A361,A362,A363,A364,A365,A366,A367,A368,A370",MonteCarlo
158,"A229,A235,A236,A238,A239,A240,A241,A243,A244,A245,A277,A278,A279,A280,A281,A282,A283,A362,A366",MonteCarlo
159,"A256,A258,A264,A265,A266,A267,A268,A269,A270,A271,A272,A310,A314,A315,A318,A319,A320,A321,A324,A325",MonteCarlo
160,"A151,A155,A164,A173,A293,A297,A349,A352,A353,A354,A356,A357,A359,A360,A361,A362,A363,A364,A365,A366",MonteCarlo
161,"A228,A229,A230,A231,A232,A233,A234,A235,A236,A237,A238,A241,A277,A280,A281,A284,A286,A287,A367,A368",MonteCarlo
162,"A101,A102,A103,A104,A105,A106,A201,A205,A209,A258,A259,A260,A261,A262,A263,A264,A266,A267,A269,A270,A271",MonteCarlo
163,"A150,A152,A153,A154,A155,A156,A157,A158,A161,A164,A165,A166,A167,A169,A170,A171,A174,A177",MonteCarlo
164,"A152,A154,A155,A156,A157,A161,A162,A163,A164,A166,A170,A171,A172,A174,A175,A177,A221,A239",MonteCarlo
165,"A103,A186,A202,A206,A209,A210,A213,A214,A217,A247,A248,A249,A250,A251,A252,A253,A254,A255,A256",MonteCarlo
166,"A152,A153,A154,A155,A156,A157,A158,A170,A171,A174,A175,A177,A178,A181,A182,A185,A186,A214",MonteCarlo
167,"A101,A102,A103,A104,A105,A106,A108,A109,A111,A264,A320,A324,A326,A327,A96,A97,A98,A99",MonteCarlo
168,"A293,A297,A302,A304,A305,A306,A307,A308,A309,A310,A311,A312,A342,A343,A344,A345,A346,A347,A348,A349,A350",MonteCarlo
169,"A147,A149,A150,A151,A152,A153,A154,A155,A156,A157,A158,A164,A170,A174,A175,A177,A212,A213,A214,A216",MonteCarlo
170,"A241,A245,A265,A267,A268,A269,A270,A271,A272,A273,A274,A275,A276,A277,A278,A279,A280,A283,A310,A311,A314",MonteCarlo
171,"A163,A223,A279,A282,A283,A286,A290,A291,A292,A293,A294,A295,A297,A300,A357,A358,A359,A360,A361",MonteCarlo
172,"A100,A101,A103,A104,A105,A115,A116,A117,A118,A119,A196,A197,A89,A91,A92,A93,A95,A98,A99",MonteCarlo
173,"A202,A203,A205,A206,A209,A210,A213,A245,A247,A249,A250,A251,A252,A253,A254,A271,A273,A274,A275,A276,A277,A310",MonteCarlo
174,"A260,A261,A262,A263,A264,A265,A266,A267,A268,A269,A270,A271,A272,A273,A276,A309,A310,A314,A346,A347",MonteCarlo
175,"A163,A164,A289,A293,A297,A300,A301,A302,A353,A354,A356,A357,A358,A359,A360,A361,A362,A363,A364,A366",MonteCarlo
176,"A152,A153,A154,A155,A156,A157,A158,A161,A163,A164,A165,A169,A170,A229,A235,A363",MonteCarlo
177,"A186,A205,A206,A209,A210,A213,A214,A217,A241,A243,A247,A248,A249,A250,A251,A252,A253,A254,A255,A256,A259",MonteCarlo
178,"A237,A238,A239,A240,A241,A242,A243,A245,A252,A258,A269,A270,A271,A273,A274,A275,A276,A277,A278,A279,A280",MonteCarlo
179,"A101,A102,A103,A104,A105,A111,A114,A115,A116,A117,A119,A196,A197,A198,A199,A200,A93,A95,A96,A97",MonteCarlo
180,"A186,A205,A206,A209,A210,A213,A214,A217,A243,A244,A247,A248,A249,A250,A251,A252,A253,A254,A255,A256,A259",MonteCarlo
181,"A113,A130,A131,A132,A135,A136,A322,A326,A327,A328,A329,A330,A331,A332,A333,A334,A338,A339,A94",MonteCarlo
182,"A101,A102,A103,A104,A105,A106,A252,A256,A258,A259,A260,A261,A264,A265,A266,A267,A268,A269,A270,A318",MonteCarlo
183,"A210,A212,A213,A216,A249,A250,A251,A252,A253,A254,A255,A256,A263,A266,A267,A268,A270,A271,A310,A311,A312,A314",MonteCarlo
184,"A140,A147,A302,A305,A308,A309,A334,A338,A339,A342,A343,A344,A345,A346,A347,A348,A349,A350,A353,A357",MonteCarlo
185,"A163,A164,A165,A166,A167,A168,A169,A170,A171,A172,A225,A228,A229,A230,A231,A232,A234,A235,A363",MonteCarlo
186,"A104,A106,A109,A264,A265,A266,A267,A268,A269,A318,A319,A320,A321,A322,A324,A325,A326,A327,A329",MonteCarlo
187,"A182,A205,A209,A210,A213,A214,A247,A248,A249,A250,A251,A252,A253,A255,A256,A257,A258,A259,A260",MonteCarlo
188,"A205,A209,A245,A249,A259,A261,A262,A264,A265,A266,A267,A268,A269,A270,A271,A273,A274,A275,A276,A277",MonteCarlo
189,"A244,A245,A271,A272,A273,A274,A275,A276,A277,A302,A304,A305,A307,A308,A309,A310,A311,A312,A314,A315",MonteCarlo
190,"A245,A262,A264,A265,A266,A267,A268,A269,A270,A271,A272,A273,A274,A275,A276,A277,A310,A311,A314,A324",MonteCarlo
191,"A110,A111,A112,A113,A114,A115,A129,A133,A134,A135,A136,A139,A140,A142,A143,A331,A333,A335,A338,A339,A342,A95",MonteCarlo
192,"A292,A293,A294,A295,A296,A297,A300,A301,A302,A304,A305,A307,A308,A311,A354,A357,A358,A361",MonteCarlo
193,"A273,A275,A276,A277,A278,A279,A280,A281,A282,A283,A284,A286,A287,A288,A289,A290,A291,A363,A366",MonteCarlo
194,"A102,A208,A209,A212,A213,A216,A258,A259,A260,A261,A262,A264,A265,A266,A267,A268,A269,A270,A271,A273,A274",MonteCarlo
195,"A209,A245,A249,A250,A251,A252,A253,A254,A255,A256,A258,A259,A267,A270,A271,A273,A274,A275,A276,A277",MonteCarlo
196,"A163,A164,A293,A295,A297,A300,A301,A302,A357,A358,A359,A360,A361,A362,A363,A364,A365,A366,A368",MonteCarlo
197,"A100,A101,A102,A103,A104,A105,A106,A259,A260,A261,A262,A263,A264,A266,A320,A324,A98,A99",MonteCarlo
198,"A172,A175,A214,A217,A221,A228,A229,A230,A231,A232,A233,A234,A235,A236,A237,A238,A240,A241,A242,A243",MonteCarlo
199,"A103,A119,A121,A186,A196,A197,A198,A201,A202,A203,A205,A206,A207,A208,A209,A212,A256,A258,A259,A267,A270,A271",MonteCarlo
200,"A104,A106,A108,A110,A111,A114,A133,A134,A190,A194,A201,A205,A256,A257,A258,A259,A260,A261,A327,A328,A329",MonteCarlo
201,"A241,A245,A249,A252,A255,A258,A267,A269,A270,A271,A272,A273,A274,A275,A276,A277,A278,A279,A280,A311",MonteCarlo
202,"A289,A290,A291,A292,A293,A294,A295,A296,A297,A300,A302,A353,A354,A356,A357,A358,A361,A363,A366",MonteCarlo
203,"A118,A119,A120,A121,A122,A123,A125,A126,A128,A129,A142,A185,A188,A189,A196,A200,A89,A90",MonteCarlo
204,"A209,A212,A213,A215,A216,A249,A252,A257,A258,A262,A263,A264,A265,A266,A267,A268,A271,A340,A344,A346,A348",MonteCarlo
205,"A-1,A0,A117,A118,A119,A120,A121,A123,A185,A189,A196,A197,A199,A200,A204,A89,A90,A91",MonteCarlo
206,"A101,A102,A103,A104,A105,A106,A110,A111,A113,A114,A115,A129,A130,A131,A132,A133,A328,A329,A331,A332",MonteCarlo
207,"A101,A102,A103,A105,A106,A108,A109,A258,A259,A260,A261,A264,A265,A266,A267,A268,A269,A271,A272,A320",MonteCarlo
208,"A220,A223,A240,A241,A244,A245,A269,A270,A271,A272,A273,A274,A275,A276,A277,A278,A308,A310,A311,A312,A314,A315",MonteCarlo
209,"A151,A154,A155,A163,A164,A165,A166,A297,A357,A358,A359,A360,A361,A362,A363,A364,A365,A366",MonteCarlo
210,"A103,A116,A117,A128,A129,A130,A182,A185,A186,A188,A189,A190,A191,A194,A196,A197,A198,A199,A201,A93,A94,A95",MonteCarlo
211,"A103,A118,A121,A185,A189,A196,A197,A198,A199,A200,A201,A202,A203,A204,A205,A206,A252,A253,A254,A255,A256",MonteCarlo
212,"A106,A107,A110,A113,A114,A115,A133,A257,A258,A259,A261,A262,A263,A264,A266,A318,A319,A320,A93,A95",MonteCarlo
213,"A101,A110,A113,A114,A115,A116,A117,A130,A131,A132,A133,A332,A333,A334,A335,A91,A92,A93,A94,A95",MonteCarlo
214,"A186,A206,A210,A213,A214,A217,A242,A243,A247,A248,A249,A250,A251,A252,A253,A254,A255,A256,A257",MonteCarlo
215,"A152,A154,A155,A156,A157,A163,A164,A165,A166,A167,A169,A170,A171,A174,A175,A177,A178,A181,A182",MonteCarlo
216,"A264,A265,A266,A267,A268,A269,A270,A272,A309,A310,A311,A312,A314,A315,A316,A318,A319,A321,A324,A346,A347,A349,A350",MonteCarlo
217,"A155,A156,A157,A158,A164,A173,A352,A354,A355,A356,A357,A358,A359,A360,A361,A362,A363,A364,A365,A366",MonteCarlo
218,"A237,A241,A245,A269,A271,A272,A273,A274,A275,A276,A277,A278,A279,A304,A307,A308,A310,A311,A312,A314,A315",MonteCarlo
219,"A110,A111,A112,A113,A114,A115,A133,A134,A311,A315,A321,A322,A324,A325,A326,A327,A328,A329,A331,A335,A337,A94,A95",MonteCarlo
220,"A101,A102,A103,A104,A105,A106,A111,A112,A113,A114,A115,A116,A117,A327,A328,A329,A331,A93,A94,A95",MonteCarlo
221,"A125,A186,A189,A190,A205,A206,A209,A210,A213,A214,A249,A250,A251,A252,A253,A254,A255,A256,A257,A258",MonteCarlo
222,"A168,A171,A172,A225,A227,A228,A229,A231,A232,A233,A234,A235,A285,A286,A287,A288,A289,A290,A291",MonteCarlo
223,"A209,A210,A212,A213,A236,A240,A241,A244,A245,A247,A248,A249,A250,A251,A252,A253,A254,A256,A271,A340",MonteCarlo
224,"A108,A111,A112,A113,A114,A115,A129,A130,A131,A132,A133,A135,A136,A139,A140,A143,A333,A338,A94,A96,A97",MonteCarlo
225,"A175,A178,A206,A209,A210,A213,A214,A217,A221,A239,A242,A243,A247,A249,A250,A251,A252,A253,A254,A255,A256",MonteCarlo
226,"A116,A117,A118,A119,A134,A194,A196,A197,A198,A199,A200,A201,A202,A203,A205,A206,A209,A253,A254,A256,A93",MonteCarlo
227,"A106,A109,A258,A259,A260,A261,A262,A263,A264,A265,A266,A267,A268,A269,A271,A272,A273,A310,A311,A314,A320",MonteCarlo
228,"A103,A104,A105,A106,A111,A117,A119,A196,A197,A198,A199,A201,A202,A203,A205,A206,A256,A259,A96,A97",MonteCarlo
229,"A216,A249,A251,A252,A253,A254,A255,A256,A257,A258,A266,A267,A268,A269,A271,A272,A310,A311,A312,A314",MonteCarlo
230,"A147,A150,A151,A152,A153,A154,A155,A156,A157,A158,A164,A170,A345,A346,A348,A349,A352",MonteCarlo
231,"A152,A154,A155,A156,A163,A164,A165,A297,A354,A356,A357,A358,A359,A360,A361,A362,A363,A364,A365,A366",MonteCarlo
232,"A191,A208,A209,A264,A265,A266,A267,A268,A269,A270,A271,A317,A318,A319,A320,A321,A324,A325,A327,A329,A337",MonteCarlo
233,"A295,A297,A300,A301,A302,A354,A357,A358,A360,A361,A362,A364,A365,A366,A367,A368,A369,A370",MonteCarlo
234,"A108,A109,A111,A112,A191,A310,A311,A312,A315,A316,A317,A320,A321,A324,A325,A327,A337,A340,A341",MonteCarlo
235,"A220,A223,A241,A242,A243,A244,A245,A277,A278,A279,A280,A281,A282,A283,A286,A296,A297,A300,A357,A358,A361",MonteCarlo
236,"A103,A117,A118,A119,A121,A125,A190,A194,A196,A198,A201,A202,A205,A206,A209,A253,A255,A256,A258,A259",MonteCarlo
237,"A109,A264,A265,A266,A267,A268,A269,A270,A271,A272,A273,A276,A308,A310,A311,A312,A314,A315,A318,A319,A320,A324",MonteCarlo
238,"A111,A112,A113,A114,A115,A116,A130,A131,A132,A327,A328,A329,A331,A332,A333,A92,A93,A94,A95,A96",MonteCarlo
239,"A121,A122,A198,A199,A201,A202,A203,A204,A205,A206,A207,A209,A210,A213,A214,A249,A250,A253,A256,A259",MonteCarlo
240,"A209,A212,A213,A216,A258,A259,A262,A265,A266,A267,A268,A269,A270,A271,A273,A274,A275,A276,A277,A278,A279,A280",MonteCarlo
241,"A100,A101,A102,A103,A104,A105,A106,A116,A117,A118,A196,A201,A202,A255,A256,A259,A261,A95,A98,A99",MonteCarlo
242,"A102,A103,A190,A201,A208,A209,A210,A212,A213,A214,A257,A258,A259,A260,A262,A263,A266,A267,A271",MonteCarlo
243,"A220,A223,A264,A265,A266,A267,A268,A269,A270,A271,A272,A273,A274,A275,A276,A308,A309,A310,A311,A312,A314,A318",MonteCarlo
244,"A113,A114,A115,A116,A118,A119,A120,A121,A131,A132,A133,A135,A139,A140,A142,A143,A196,A93,A94,A95",MonteCarlo
245,"A289,A293,A295,A297,A300,A301,A302,A303,A353,A354,A357,A358,A360,A361,A362,A363,A364,A365,A366",MonteCarlo
246,"A122,A125,A178,A181,A182,A185,A186,A188,A189,A204,A207,A209,A210,A213,A214,A248,A249,A250,A251,A252,A253",MonteCarlo
247,"A106,A107,A110,A206,A252,A253,A254,A255,A256,A258,A259,A264,A265,A266,A267,A268,A269,A270",MonteCarlo
248,"A161,A163,A164,A165,A166,A169,A228,A229,A230,A300,A301,A302,A304,A353,A354,A356,A357,A358,A359",MonteCarlo
249,"A109,A202,A203,A205,A206,A251,A252,A253,A254,A256,A258,A259,A260,A261,A262,A263,A264,A266",MonteCarlo
250,"A149,A150,A152,A153,A154,A155,A156,A157,A170,A171,A172,A174,A175,A177,A178,A181,A182,A225,A235,A239",MonteCarlo
251,"A103,A104,A105,A106,A199,A201,A202,A203,A205,A206,A209,A249,A250,A251,A252,A253,A254,A256,A259,A270,A271",MonteCarlo
252,"A101,A102,A103,A104,A105,A106,A117,A118,A123,A194,A201,A202,A205,A206,A255,A256,A258,A259,A260,A261",MonteCarlo
253,"A264,A265,A266,A267,A269,A270,A271,A272,A273,A274,A275,A276,A277,A310,A312,A314,A315,A316,A318,A319,A321,A324,A340",MonteCarlo
254,"A103,A104,A105,A116,A117,A118,A119,A120,A121,A122,A123,A196,A197,A198,A199,A200,A201,A202,A92",MonteCarlo
255,"A164,A173,A293,A295,A296,A297,A300,A301,A302,A354,A356,A357,A358,A359,A360,A361,A363,A364,A365,A366",MonteCarlo
256,"A108,A109,A264,A265,A266,A267,A268,A269,A271,A272,A310,A311,A312,A314,A315,A318,A319,A320,A324,A325,A327",MonteCarlo
257,"A104,A105,A106,A108,A111,A114,A190,A194,A258,A259,A260,A261,A262,A263,A264,A265,A266,A96,A97",MonteCarlo
258,"A202,A205,A206,A209,A210,A212,A213,A215,A248,A249,A250,A251,A252,A253,A254,A255,A256,A257,A259,A344,A348",MonteCarlo
259,"A245,A249,A251,A266,A267,A268,A269,A270,A271,A272,A273,A274,A275,A304,A307,A308,A310,A311,A312,A314,A315",MonteCarlo
260,"A209,A241,A245,A248,A249,A252,A253,A256,A257,A258,A259,A260,A267,A269,A270,A271,A273,A274,A275,A277",MonteCarlo
261,"A100,A101,A102,A103,A104,A105,A106,A109,A261,A262,A264,A265,A266,A267,A268,A318,A319,A320,A324,A99",MonteCarlo
262,"A227,A228,A229,A230,A231,A232,A285,A289,A290,A291,A292,A293,A294,A295,A297,A300,A301,A302,A304",MonteCarlo
263,"A228,A231,A232,A233,A234,A236,A237,A238,A241,A273,A276,A277,A278,A280,A281,A285,A304,A307,A308,A311",MonteCarlo
264,"A103,A104,A108,A111,A113,A114,A115,A117,A118,A119,A120,A121,A122,A123,A125,A126,A132,A133,A196,A197,A198",MonteCarlo
265,"A102,A103,A104,A105,A106,A107,A113,A114,A115,A116,A117,A118,A257,A259,A261,A262,A320,A93,A94,A95",MonteCarlo
266,"A163,A293,A295,A297,A300,A301,A302,A357,A358,A359,A360,A361,A362,A363,A364,A365,A366,A367",MonteCarlo
267,"A168,A169,A225,A227,A228,A229,A235,A285,A286,A287,A288,A289,A290,A291,A293,A294,A295,A296,A297,A361",MonteCarlo
268,"A101,A102,A103,A104,A105,A106,A113,A114,A115,A116,A117,A118,A119,A131,A132,A133,A196,A320,A324,A332,A333",MonteCarlo
269,"A151,A155,A173,A293,A295,A297,A300,A301,A302,A304,A305,A352,A353,A354,A355,A356,A357,A358,A359,A360,A361",MonteCarlo
270,"A245,A262,A264,A265,A266,A267,A268,A269,A270,A271,A272,A273,A274,A275,A276,A277,A307,A310,A311,A314",MonteCarlo
271,"A309,A312,A315,A316,A319,A321,A322,A324,A325,A326,A327,A329,A330,A334,A338,A339,A342,A343,A346",MonteCarlo
272,"A244,A245,A249,A264,A265,A266,A267,A268,A269,A270,A271,A272,A273,A274,A275,A276,A277,A310,A311,A312,A314,A315",MonteCarlo
273,"A220,A242,A245,A258,A264,A265,A266,A267,A268,A269,A270,A271,A272,A273,A274,A275,A277,A310,A311,A312,A314,A315,A318",MonteCarlo
274,"A101,A102,A103,A104,A105,A106,A113,A114,A115,A116,A117,A118,A119,A196,A197,A198,A261,A326,A327,A329,A331,A95",MonteCarlo
275,"A258,A262,A263,A264,A265,A266,A267,A268,A269,A270,A271,A273,A274,A275,A333,A334,A337,A338,A340",MonteCarlo
276,"A101,A102,A103,A104,A105,A106,A114,A115,A116,A117,A130,A131,A132,A261,A332,A333,A92,A93,A94,A95",MonteCarlo
277,"A147,A150,A184,A295,A297,A300,A301,A302,A304,A305,A309,A344,A345,A346,A348,A349,A350,A353,A354,A357,A358",MonteCarlo
278,"A100,A101,A102,A103,A104,A105,A106,A111,A114,A115,A116,A117,A261,A324,A326,A327,A328,A329,A95",MonteCarlo
279,"A151,A152,A153,A154,A155,A156,A157,A158,A170,A171,A172,A174,A175,A177,A221,A344,A345,A346,A347,A348,A349",MonteCarlo
280,"A102,A103,A104,A105,A106,A108,A109,A209,A249,A252,A253,A254,A256,A257,A258,A259,A260,A261,A320",MonteCarlo
281,"A289,A293,A297,A302,A349,A350,A353,A354,A356,A357,A358,A360,A361,A362,A363,A364,A365,A366",MonteCarlo
282,"A141,A147,A309,A310,A311,A312,A314,A315,A316,A321,A322,A325,A334,A339,A342,A343,A344,A345,A346,A347,A348,A349",MonteCarlo
283,"A209,A210,A212,A213,A214,A249,A250,A251,A252,A253,A254,A255,A257,A258,A267,A340,A344,A347",MonteCarlo
284,"A101,A102,A103,A104,A105,A108,A111,A112,A113,A114,A115,A117,A119,A327,A328,A329,A331,A94,A95,A96,A97",MonteCarlo
285,"A156,A157,A169,A170,A171,A172,A174,A175,A214,A217,A221,A225,A229,A235,A239,A241,A242,A243,A244,A245,A247",MonteCarlo
286,"A163,A289,A290,A291,A292,A293,A294,A354,A356,A357,A359,A360,A361,A362,A363,A364,A365,A366",MonteCarlo
287,"A111,A131,A135,A136,A139,A140,A322,A326,A327,A329,A330,A331,A332,A333,A334,A338,A339,A342,A345",MonteCarlo
288,"A163,A289,A293,A295,A297,A300,A301,A302,A357,A359,A360,A361,A362,A363,A364,A365,A366",MonteCarlo
289,"A249,A270,A271,A273,A274,A275,A276,A277,A278,A279,A280,A281,A282,A283,A284,A286,A291,A300,A303,A306",MonteCarlo
290,"A220,A223,A239,A240,A241,A242,A243,A244,A245,A274,A275,A277,A278,A297,A300,A301,A302,A304,A307,A310,A311",MonteCarlo
291,"A103,A196,A197,A198,A199,A201,A202,A205,A206,A250,A251,A252,A253,A254,A256,A258,A259,A260,A262",MonteCarlo
292,"A102,A104,A190,A194,A201,A205,A206,A209,A210,A249,A250,A251,A252,A253,A254,A255,A256,A257,A258,A259",MonteCarlo
293,"A173,A293,A295,A297,A300,A301,A302,A304,A357,A358,A359,A360,A361,A362,A363,A364,A365,A366",MonteCarlo
294,"A238,A277,A278,A280,A281,A282,A284,A286,A287,A288,A289,A290,A291,A293,A294,A295,A300,A301,A302,A304",MonteCarlo
295,"A275,A276,A277,A278,A280,A283,A286,A287,A289,A290,A291,A293,A294,A295,A297,A300,A301,A302",MonteCarlo
296,"A289,A291,A293,A294,A295,A297,A300,A301,A302,A350,A357,A358,A360,A361,A362,A363,A364,A365,A366,A367",MonteCarlo
297,"A238,A241,A245,A270,A271,A273,A274,A275,A276,A277,A278,A279,A280,A281,A282,A283,A284,A286,A287,A310",MonteCarlo
298,"A228,A229,A230,A231,A232,A233,A234,A235,A236,A237,A293,A294,A295,A362,A365,A366,A367",MonteCarlo
299,"A293,A295,A297,A300,A301,A302,A353,A354,A356,A357,A358,A360,A361,A362,A363,A364,A365,A366,A367,A368",MonteCarlo
300,"A266,A267,A268,A269,A270,A271,A272,A273,A275,A276,A300,A302,A304,A305,A307,A308,A310,A311,A312,A314,A340",MonteCarlo
301,"A-1,A0,A101,A103,A115,A116,A117,A118,A119,A120,A123,A196,A197,A89,A90,A91,A92,A93,A95",Relaxed
302,"A-1,A0,A101,A103,A104,A115,A116,A117,A118,A119,A196,A197,A200,A89,A90,A91,A92,A93,A95",Relaxed
303,"A-1,A112,A115,A116,A117,A118,A119,A120,A121,A123,A196,A90,A91,A92,A93,A94,A95,A96",Relaxed
304,"A-1,A0,A112,A113,A115,A116,A117,A118,A119,A120,A123,A196,A90,A91,A92,A93,A94,A95,A96",Relaxed
305,"A100,A101,A102,A103,A104,A105,A116,A117,A118,A119,A120,A123,A196,A90,A91,A92,A93,A95,A99",Relaxed
306,"A101,A102,A103,A104,A105,A115,A116,A117,A118,A119,A120,A121,A123,A196,A90,A91,A92,A93,A95",Relaxed
307,"A101,A102,A103,A104,A105,A106,A115,A116,A117,A118,A119,A196,A197,A198,A199,A261,A91,A92,A95",Relaxed
308,"A-1,A0,A101,A103,A115,A116,A117,A118,A119,A120,A121,A123,A196,A197,A89,A90,A91,A92,A95",Relaxed
309,"A-1,A112,A115,A116,A117,A118,A119,A120,A121,A123,A196,A90,A91,A92,A93,A94,A95,A96",Relaxed
310,"A-1,A0,A101,A103,A115,A116,A117,A118,A119,A120,A123,A196,A197,A89,A90,A91,A92,A93,A95",Relaxed
