5TIK,31,16,336
1BTV,27,18,160
3ETO,29,20,243
6N23,34,10,410
2X9M,33,25,421
1A8D,35,14,453
6O6W,26,14,148
1H0D,24,17,122
5GGT,24,13,126
4K94,28,21,464
3T2N,32,20,361
1NSN,25,18,137
4ZSO,29,17,212
1WEJ,24,11,104
6IOM,28,16,202
3VG9,32,26,291
5L0Q,26,10,146
1ORS,27,10,147
2J4W,18,12,362
5HYS,29,13,212
2OZ4,31,18,250
2R56,26,21,161
2UZI,26,18,171
5FHX,24,11,129
3HMX,32,18,297
3U9P,26,17,169
3GI8,33,15,433
2OJ5,26,18,166
5W53,31,8,308
7TD6,27,11,255
2Q3A,24,11,121
1I1B,26,14,154
3HNB,25,9,160
6OIL,26,15,169
6RMT,29,7,311
1PUO,25,12,171
5MU8,25,17,160
5J89,24,12,145
1VPF,23,11,103
2GI7,28,15,185
5Y10,31,18,322
2NYY,47,23,1277
3PNW,22,15,78
3KR3,21,19,67
1FNS,27,12,208
1FSK,27,16,159
5B3J,32,14,358
1LK3,26,17,132
3RKD,26,20,483
2Q8A,31,21,311
3WIH,22,12,223
1EGJ,24,11,102
4DTG,21,17,71
4IB4,34,15,431
3Q0H,24,20,118
1PC3,31,20,351
4ZBN,24,19,121
5MYA,32,16,334
3B5H,28,17,185
2FR0,35,5,487
1Z3S,27,11,218
1N26,32,12,326
1KXG,25,18,153
5TH6,28,22,232
1ALY,25,18,147
2WFO,25,9,183
1QLP,32,16,395
1M47,24,12,134
4NZD,30,11,220
5W60,26,16,195
5F71,24,20,110
4K2U,30,10,583
4U0R,32,14,332
5IKC,24,13,113
1E6J,30,12,220
3ZKM,32,23,367
5CZX,29,14,241
4D3C,27,11,173
1HYS,35,9,553
1OB1,23,13,96
4OT1,24,13,110
5KW9,30,16,280
2EF1,29,18,257
2VJ2,27,18,170
1WIO,34,18,364
3UP1,28,15,224
1WG3,27,23,176
3K2O,33,13,337
7L6K,25,8,115
5DHV,21,13,58
5H35,27,21,197
4KUC,29,13,259
4CMH,30,25,249
3PGF,38,23,723
4JR9,33,11,438
4OII,26,21,177
3LEV,27,9,179
5CBA,22,14,80
3MXW,26,21,164
3NH7,24,21,102
5JQ6,32,21,332
4ETQ,28,22,230
3KS0,23,10,478
3LD8,32,13,341
3WKM,27,24,180
5FB8,22,19,130
2JEL,21,15,85
2VXQ,23,15,94
4U6V,31,16,293
3LIZ,31,18,319
5MES,25,12,149