1,256_TYR,5225,1
2,86_ASN,4885,0.934928229665072
3,138_MET,4753,0.909665071770335
4,84_TYR,4609,0.882105263157895
5,234_ARG,4394,0.840956937799043
6,253_LYS,4369,0.836172248803828
7,220_ASN,4266,0.816459330143541
8,204_TRP,3648,0.698181818181818
9,255_GLN,3588,0.686698564593301
10,142_ILE,3557,0.680765550239234
11,192_HIS,3474,0.66488038277512
12,85_TYR,3378,0.646507177033493
13,244_TRP,3147,0.602296650717703
14,83_GLY,3123,0.597703349282297
15,273_ARG,3112,0.595598086124402
16,219_LEU,2953,0.565167464114833
17,232_GLU,2813,0.538373205741627
18,87_GLN,2767,0.529569377990431
19,202_ARG,2759,0.528038277511962
20,235_PRO,2741,0.524593301435407
21,242_GLN,2661,0.509282296650718
22,121_CYS,2545,0.487081339712919
23,119_ASP,2532,0.484593301435407
24,276_PRO,2529,0.484019138755981
25,252_GLY,2515,0.48133971291866
26,274_TRP,2504,0.479234449760766
27,193_SER,2477,0.474066985645933
28,137_ASP,2472,0.47311004784689
29,262_TYR,2457,0.470239234449761
30,191_HIS,2456,0.470047846889952
31,222_GLU,2454,0.469665071770335
32,236_ALA,2434,0.465837320574163
33,221_GLY,2373,0.454162679425837
34,139_ALA,2355,0.450717703349282
35,231_VAL,2333,0.446507177033493
36,188_HIS,2329,0.445741626794258
37,275_GLU,2300,0.440191387559809
38,190_THR,2290,0.438277511961722
39,223_GLU,2257,0.431961722488038
40,229_GLU,2213,0.423540669856459
41,145_HIS,2201,0.421244019138756
42,120_GLY,2201,0.421244019138756
43,264_GLN,2182,0.417607655502392
44,80_THR,2077,0.397511961722488
45,194_ARG,2041,0.390622009569378
46,269_PRO,2012,0.385071770334928
47,141_LEU,2000,0.382775119617225
48,1_GLY,1982,0.37933014354067
49,88_SER,1970,0.377033492822966
50,251_LEU,1921,0.367655502392344
51,214_THR,1914,0.366315789473684
52,92_SER,1899,0.363444976076555
53,268_GLU,1881,0.36
54,237_GLY,1875,0.358851674641148
55,212_ASP,1869,0.357703349282297
56,206_LEU,1868,0.357511961722488
57,8_PHE,1822,0.348708133971292
58,122_ASP,1788,0.342200956937799
59,267_PRO,1777,0.340095693779904
60,96_GLN,1770,0.338755980861244
61,257_TYR,1716,0.328421052631579
62,89_LYS,1713,0.327846889952153
63,79_ARG,1652,0.316172248803828
64,21_ARG,1649,0.315598086124402
65,230_LEU,1622,0.310430622009569
66,146_LYS,1606,0.307368421052632
67,27_TYR,1554,0.297416267942584
68,226_GLN,1541,0.294928229665072
69,225_ILE,1536,0.293971291866029
70,93_HIS,1525,0.291866028708134
71,250_PRO,1524,0.291674641148325
72,17_LEU,1522,0.291291866028708
73,2_PRO,1520,0.290909090909091
74,35_ARG,1508,0.288612440191388
75,218_GLN,1447,0.276937799043062
76,111_ARG,1427,0.27311004784689
77,266_LEU,1396,0.267177033492823
78,238_ASP,1387,0.265454545454545
79,14_ARG,1347,0.257799043062201
80,136_ALA,1345,0.257416267942584
81,30_ASP,1332,0.254928229665072
82,94_THR,1330,0.254545454545454
83,263_HIS,1321,0.252822966507177
84,105_SER,1319,0.25244019138756
85,254_GLU,1275,0.244019138755981
86,197_ASP,1269,0.242870813397129
87,233_THR,1260,0.241148325358852
88,10_THR,1253,0.239808612440191
89,102_GLU,1252,0.239617224880383
90,271_THR,1204,0.230430622009569
91,12_VAL,1192,0.228133971291866
92,90_GLY,1186,0.226985645933014
93,91_GLY,1181,0.226028708133971
94,23_MET,1150,0.220095693779904
95,149_GLN,1132,0.216650717703349
96,213_ILE,1122,0.214736842105263
97,118_TYR,1119,0.214162679425837
98,227_ASP,1111,0.212631578947368
99,198_LYS,1111,0.212631578947368
100,196_GLU,1104,0.211291866028708
101,128_GLU,1097,0.209952153110048
102,113_TYR,1097,0.209952153110048
103,195_PRO,1091,0.208803827751196
104,98_ILE,1082,0.207081339712919
105,110_LEU,1074,0.20555023923445
106,76_VAL,1052,0.20133971291866
107,6_ARG,1029,0.196937799043062
108,258_THR,1023,0.195789473684211
109,260_HIS,1021,0.195406698564593
110,180_LEU,949,0.181626794258373
111,186_LYS,945,0.180861244019139
112,15_PRO,936,0.179138755980861
113,32_GLU,930,0.17799043062201
114,241_PHE,907,0.173588516746411
115,115_GLN,892,0.170717703349282
116,106_ASP,874,0.167272727272727
117,224_LEU,837,0.160191387559809
118,48_ARG,834,0.159617224880383
119,181_ARG,827,0.158277511961722
120,82_LEU,771,0.14755980861244
121,182_THR,761,0.145645933014354
122,3_HIS,759,0.145263157894737
123,265_GLY,748,0.143157894736842
124,189_VAL,736,0.140861244019139
125,16_GLY,731,0.139904306220096
126,155_ARG,675,0.129186602870813
127,25_VAL,656,0.12555023923445
128,73_SER,654,0.125167464114833
129,72_GLN,652,0.124784688995215
130,176_ASN,648,0.124019138755981
131,150_ALA,637,0.121913875598086
132,200_THR,623,0.119234449760766
133,216_THR,620,0.11866028708134
134,39_ASP,597,0.114258373205742
135,248_VAL,596,0.114066985645933
136,77_ASP,578,0.110622009569378
137,62_ARG,575,0.110047846889952
138,228_MET,566,0.108325358851675
139,66_LYS,542,0.103732057416268
140,104_GLY,541,0.103540669856459
141,187_ALA,520,0.0995215311004785
142,173_LYS,519,0.0993301435406699
143,211_ALA,504,0.0964593301435407
144,243_LYS,502,0.0960765550239234
145,177_ALA,499,0.0955023923444976
146,163_THR,495,0.0947368421052632
147,240_THR,492,0.0941626794258373
148,270_LEU,473,0.0905263157894737
149,135_ALA,469,0.0897607655502392
150,166_GLU,467,0.089377990430622
151,167_TRP,464,0.0888038277511962
152,239_GLY,457,0.0874641148325359
153,69_GLY,453,0.0866985645933015
154,37_ASP,449,0.085933014354067
155,134_THR,446,0.0853588516746411
156,169_ARG,430,0.0822966507177033
157,29_ASP,426,0.0815311004784689
158,207_GLY,423,0.0809569377990431
159,117_ALA,411,0.0786602870813397
160,272_LEU,394,0.0754066985645933
161,159_TYR,389,0.0744497607655502
162,65_GLN,384,0.0734928229665072
163,108_ARG,372,0.0711961722488038
164,147_TRP,370,0.0708133971291866
165,199_VAL,361,0.0690909090909091
166,152_GLU,358,0.0685167464114833
167,116_TYR,351,0.067177033492823
168,58_GLU,349,0.0667942583732057
169,50_ARG,345,0.0660287081339713
170,170_ARG,341,0.0652631578947368
171,148_GLU,337,0.0644976076555024
172,143_THR,337,0.0644976076555024
173,9_VAL,332,0.0635406698564593
174,70_ASN,329,0.0629665071770335
175,158_ALA,329,0.0629665071770335
176,184_SER,321,0.0614354066985646
177,123_TYR,319,0.0610526315789474
178,41_GLU,318,0.0608612440191388
179,246_SER,318,0.0608612440191388
180,183_ASP,311,0.0595215311004785
181,178_THR,307,0.058755980861244
182,172_LEU,296,0.0566507177033493
183,249_VAL,288,0.0551196172248804
184,18_GLY,281,0.0537799043062201
185,75_ARG,278,0.0532057416267943
186,4_SER,278,0.0532057416267943
187,97_VAL,266,0.0509090909090909
188,215_LEU,265,0.0507177033492823
189,13_SER,265,0.0507177033492823
190,151_GLY,263,0.0503349282296651
191,127_ASN,258,0.049377990430622
192,46_GLU,249,0.0476555023923445
193,154_GLU,249,0.0476555023923445
194,19_GLU,246,0.0470813397129187
195,54_GLN,241,0.0461244019138756
196,209_TYR,240,0.045933014354067
197,144_LYS,238,0.0455502392344498
198,247_VAL,237,0.0453588516746412
199,31_THR,214,0.0409569377990431
200,107_GLY,214,0.0409569377990431
201,179_LEU,212,0.0405741626794258
202,174_ASN,204,0.0390430622009569
203,162_GLY,203,0.0388516746411483
204,63_GLU,200,0.0382775119617225
205,68_LYS,187,0.0357894736842105
206,53_GLU,187,0.0357894736842105
207,185_PRO,183,0.0350239234449761
208,125_ALA,181,0.0346411483253589
209,210_PRO,178,0.034066985645933
210,109_LEU,176,0.0336842105263158
211,51_TRP,170,0.0325358851674641
212,161_GLU,167,0.0319617224880383
213,61_GLU,159,0.0304306220095694
214,56_GLY,147,0.028133971291866
215,49_ALA,145,0.0277511961722488
216,81_LEU,141,0.0269856459330144
217,55_GLU,139,0.0266028708133971
218,40_ALA,138,0.0264114832535885
219,59_TYR,133,0.0254545454545455
220,74_PHE,132,0.0252631578947368
221,129_ASP,129,0.024688995215311
222,57_PRO,126,0.0241148325358852
223,114_GLN,122,0.0233492822966507
224,126_LEU,121,0.0231578947368421
225,7_TYR,117,0.0223923444976077
226,47_PRO,117,0.0223923444976077
227,157_ARG,117,0.0223923444976077
228,156_LEU,114,0.0218181818181818
229,103_VAL,94,0.0179904306220096
230,175_GLY,90,0.0172248803827751
231,132_THR,83,0.0158851674641148
232,171_TYR,79,0.0151196172248804
233,131_LYS,76,0.0145454545454545
234,44_ARG,75,0.0143540669856459
235,133_TRP,73,0.0139712918660287
236,42_ASN,72,0.0137799043062201
237,165_VAL,68,0.0130143540669856
238,24_GLU,64,0.0122488038277512
239,99_SER,62,0.011866028708134
240,124_ILE,57,0.0109090909090909
241,112_GLY,57,0.0109090909090909
242,45_TYR,56,0.0107177033492823
243,60_TRP,54,0.0103349282296651
244,20_PRO,41,0.00784688995215311
245,164_CYS,38,0.00727272727272727
246,38_SER,33,0.00631578947368421
247,71_GLU,32,0.0061244019138756
248,43_PRO,32,0.0061244019138756
249,78_LEU,26,0.00497607655502392
250,130_LEU,25,0.00478468899521531
251,168_LEU,24,0.0045933014354067
252,36_PHE,23,0.00440191387559809
253,95_ILE,22,0.00421052631578947
254,5_LEU,22,0.00421052631578947
255,261_VAL,21,0.00401913875598086
256,245_ALA,21,0.00401913875598086
257,33_PHE,17,0.00325358851674641
258,22_TYR,16,0.0030622009569378
259,11_ALA,16,0.0030622009569378
260,208_PHE,13,0.00248803827751196
261,64_THR,12,0.00229665071770335
262,52_MET,9,0.00172248803827751
263,217_TRP,9,0.00172248803827751
264,100_GLY,9,0.00172248803827751
265,205_ALA,8,0.0015311004784689
266,140_ALA,7,0.00133971291866029
267,67_ALA,6,0.00114832535885167
268,160_LEU,6,0.00114832535885167
269,153_ALA,6,0.00114832535885167
270,101_CYS,6,0.00114832535885167
271,28_VAL,4,0.00076555023923445
272,34_VAL,2,0.000382775119617225
273,26_GLY,2,0.000382775119617225
274,259_CYS,2,0.000382775119617225
275,201_LEU,1,0.000191387559808612
