1,954_PHE,10451,1
2,961_ASN,10332,0.98861353
3,960_TYR,10288,0.984403406
4,957_VAL,10246,0.980384652
5,968_MET,9098,0.870538704
6,958_TRP,8687,0.831212324
7,964_LEU,8382,0.802028514
8,950_MET,7809,0.747201225
9,926_ASN,6185,0.591809396
10,953_GLY,5922,0.56664434
11,928_GLN,5853,0.560042101
12,29_ILE,5502,0.526456798
13,946_LEU,5026,0.480910918
14,924_LYS,4955,0.474117309
15,949_LYS,4685,0.448282461
16,930_GLU,4665,0.446368769
17,956_ASP,4578,0.438044206
18,80_PHE,4530,0.433451344
19,965_LEU,4363,0.417472012
20,925_MET,4226,0.404363219
21,314_LYS,4187,0.400631519
22,81_ILE,4053,0.387809779
23,30_MET,3981,0.380920486
24,972_ARG,3728,0.356712276
25,82_ASN,3722,0.356138169
26,78_ASP,3609,0.345325806
27,79_GLU,3146,0.301023825
28,281_TYR,3093,0.29595254
29,969_GLU,2908,0.278250885
30,283_ASN,2906,0.278059516
31,147_TYR,2865,0.274136446
32,971_GLU,2742,0.262367238
33,148_GLN,2708,0.25911396
34,63_ARG,2257,0.215960195
35,947_ASN,2233,0.213663764
36,58_LYS,2066,0.197684432
37,943_ILE,2012,0.192517462
38,936_PHE,1927,0.184384269
39,155_ARG,1710,0.163620706
40,301_PHE,1613,0.154339298
41,280_GLU,1600,0.153095398
42,929_PHE,1589,0.152042867
43,921_ILE,1586,0.151755813
44,83_VAL,1564,0.149650751
45,262_TYR,1539,0.147258636
46,61_ILE,1509,0.144388097
47,113_HIS,1497,0.143239881
48,32_LYS,1465,0.140177973
49,123_LYS,1390,0.133001627
50,967_LEU,1387,0.132714573
51,110_GLU,1295,0.123911587
52,271_ASP,1293,0.123720218
53,77_CYS,1232,0.117883456
54,942_ARG,1216,0.116352502
55,920_SER,1215,0.116256818
56,75_PRO,1153,0.110324371
57,125_GLN,1125,0.107645201
58,931_ALA,1081,0.103435078
59,962_ALA,1065,0.101904124
60,84_PRO,1061,0.101521386
61,952_ASP,1042,0.099703378
62,282_GLY,1032,0.098746531
63,76_MET,990,0.094727777
64,951_GLU,976,0.093388193
65,31_GLU,973,0.093101139
66,975_ASP,966,0.092431346
67,927_THR,937,0.089656492
68,963_GLU,922,0.088221223
69,150_LYS,801,0.076643383
70,149_GLY,774,0.074059899
71,932_VAL,770,0.07367716
72,261_GLU,764,0.073103052
73,935_GLU,746,0.071380729
74,59_PRO,733,0.070136829
75,129_LYS,695,0.066500813
76,122_GLU,679,0.064969859
77,270_GLY,674,0.064491436
78,940_GLU,657,0.062864798
79,53_ASP,638,0.06104679
80,130_SER,627,0.059994259
81,317_LYS,614,0.058750359
82,50_LYS,605,0.057889197
83,28_THR,582,0.055688451
84,146_PRO,552,0.052817912
85,124_ILE,542,0.051861066
86,156_ASN,535,0.051191274
87,107_ASP,527,0.050425797
88,959_THR,498,0.047650942
89,978_ASP,486,0.046502727
90,85_GLU,459,0.043919242
91,923_ASP,437,0.04181418
92,917_LYS,427,0.040857334
93,60_LEU,425,0.040665965
94,97_ASN,416,0.039804803
95,945_ASN,410,0.039230696
96,876_ILE,405,0.038752273
97,73_GLY,402,0.038465219
98,214_THR,398,0.03808248
99,96_VAL,397,0.037986796
100,982_LYS,396,0.037891111
101,128_PRO,394,0.037699742
102,875_PHE,387,0.037029949
103,269_LYS,383,0.036647211
104,64_ASP,380,0.036360157
105,216_ASN,362,0.034637834
106,877_GLU,361,0.034542149
107,272_SER,356,0.034063726
108,284_CYS,349,0.033393934
109,328_ARG,348,0.033298249
110,244_LYS,345,0.033011195
111,70_TRP,339,0.032437087
112,138_SER,339,0.032437087
113,106_ASN,339,0.032437087
114,979_SER,336,0.032150033
115,218_ARG,332,0.031767295
116,933_GLY,329,0.031480241
117,939_LEU,326,0.031193187
118,268_LYS,325,0.031097503
119,222_ARG,323,0.030906133
120,976_PHE,318,0.03042771
121,240_TRP,313,0.029949287
122,109_GLU,313,0.029949287
123,900_TYR,304,0.029088126
124,230_ASN,301,0.028801072
125,217_GLN,299,0.028609702
126,17_TYR,299,0.028609702
127,74_ASN,294,0.028131279
128,955_LEU,293,0.028035595
129,878_GLY,292,0.02793991
130,330_SER,292,0.02793991
131,315_TYR,288,0.027557172
132,881_GLN,283,0.027078748
133,27_ASP,280,0.026791695
134,948_LYS,275,0.026313271
135,916_ASN,270,0.025834848
136,882_GLY,267,0.025547794
137,56_GLY,261,0.024973687
138,239_PHE,260,0.024878002
139,143_SER,258,0.024686633
140,114_LEU,257,0.024590948
141,884_VAL,256,0.024495264
142,285_ASN,255,0.024399579
143,279_LEU,253,0.02420821
144,898_SER,251,0.02401684
145,215_LEU,249,0.023825471
146,117_ARG,246,0.023538417
147,120_HIS,245,0.023442733
148,220_VAL,238,0.02277294
149,872_ILE,237,0.022677256
150,219_LEU,224,0.021433356
151,152_SER,221,0.021146302
152,151_SER,221,0.021146302
153,174_TYR,213,0.020380825
154,237_GLU,211,0.020189456
155,177_THR,211,0.020189456
156,21_ASN,205,0.019615348
157,144_ALA,202,0.019328294
158,131_SER,196,0.018754186
159,899_GLY,194,0.018562817
160,1000_GLY,194,0.018562817
161,228_LYS,193,0.018467132
162,319_ASN,192,0.018371448
163,33_ASN,191,0.018275763
164,121_PHE,190,0.018180078
165,231_GLY,188,0.017988709
166,311_GLU,184,0.017605971
167,891_HIS,181,0.017318917
168,913_GLY,180,0.017223232
169,94_ASN,178,0.017031863
170,104_ASP,177,0.016936178
171,278_GLU,175,0.016744809
172,242_ILE,175,0.016744809
173,213_SER,170,0.016266386
174,983_ASN,169,0.016170701
175,944_GLU,166,0.015883647
176,178_ASN,166,0.015883647
177,273_THR,163,0.015596594
178,934_ARG,162,0.015500909
179,229_VAL,162,0.015500909
180,126_ILE,162,0.015500909
181,264_TYR,159,0.015213855
182,241_THR,159,0.015213855
183,300_PRO,155,0.014831117
184,880_TRP,152,0.014544063
185,981_VAL,149,0.014257009
186,938_ASN,149,0.014257009
187,909_LYS,149,0.014257009
188,265_LYS,149,0.014257009
189,922_ILE,144,0.013778586
190,879_GLY,144,0.013778586
191,292_MET,144,0.013778586
192,320_ARG,143,0.013682901
193,20_ASN,143,0.013682901
194,941_ARG,142,0.013587217
195,937_ASN,141,0.013491532
196,141_VAL,141,0.013491532
197,985_TYR,140,0.013395847
198,312_CYS,138,0.013204478
199,897_GLY,137,0.013108793
200,205_THR,137,0.013108793
201,885_ASP,135,0.012917424
202,306_PRO,134,0.01282174
203,227_SER,133,0.012726055
204,871_ALA,132,0.01263037
205,318_SER,132,0.01263037
206,175_ASN,130,0.012439001
207,223_ILE,129,0.012343316
208,47_HIS,128,0.012247632
209,48_ASN,127,0.012151947
210,329_ASN,126,0.012056263
211,98_ASP,125,0.011960578
212,305_HIS,124,0.011864893
213,133_SER,124,0.011864893
214,55_ASP,123,0.011769209
215,207_TYR,123,0.011769209
216,179_GLN,123,0.011769209
217,172_ARG,120,0.011482155
218,998_GLU,119,0.01138647
219,303_ASN,119,0.01138647
220,171_LYS,119,0.01138647
221,181_ASP,114,0.010908047
222,986_ASP,112,0.010716678
223,304_ILE,112,0.010716678
224,896_GLN,110,0.010525309
225,95_PRO,108,0.010333939
226,46_LYS,108,0.010333939
227,226_ARG,108,0.010333939
228,224_ALA,107,0.010238255
229,173_SER,107,0.010238255
230,92_LYS,104,0.009951201
231,169_THR,104,0.009951201
232,139_LEU,104,0.009951201
233,221_PRO,103,0.009855516
234,99_LEU,101,0.009664147
235,100_CYS,100,0.009568462
236,974_LEU,96,0.009185724
237,204_PRO,96,0.009185724
238,980_ASN,93,0.00889867
239,912_ASP,89,0.008515931
240,225_THR,89,0.008515931
241,989_ARG,88,0.008420247
242,18_HIS,88,0.008420247
243,132_TRP,88,0.008420247
244,62_LEU,86,0.008228878
245,235_ARG,86,0.008228878
246,163_LYS,85,0.008133193
247,34_VAL,83,0.007941824
248,190_HIS,82,0.007846139
249,105_PHE,82,0.007846139
250,883_MET,81,0.007750455
251,119_ASN,81,0.007750455
252,103_GLY,81,0.007750455
253,873_ALA,80,0.00765477
254,57_VAL,80,0.00765477
255,206_THR,80,0.00765477
256,990_LEU,78,0.007463401
257,93_ALA,78,0.007463401
258,252_GLU,78,0.007463401
259,999_LEU,77,0.007367716
260,127_ILE,77,0.007367716
261,254_ASN,76,0.007272031
262,38_HIS,75,0.007176347
263,232_GLN,75,0.007176347
264,35_THR,73,0.006984978
265,153_PHE,72,0.006889293
266,977_HIS,71,0.006793608
267,49_GLY,70,0.006697924
268,313_PRO,70,0.006697924
269,310_GLY,69,0.006602239
270,296_ASN,69,0.006602239
271,137_ALA,69,0.006602239
272,134_SER,69,0.006602239
273,45_LYS,68,0.006506554
274,919_ASN,66,0.006315185
275,40_GLN,66,0.006315185
276,168_PRO,66,0.006315185
277,892_HIS,65,0.006219501
278,22_SER,65,0.006219501
279,136_GLU,65,0.006219501
280,1001_ASN,65,0.006219501
281,893_SER,62,0.005932447
282,308_THR,62,0.005932447
283,25_GLN,62,0.005932447
284,164_ASN,62,0.005932447
285,23_THR,60,0.005741077
286,915_THR,59,0.005645393
287,246_ASN,59,0.005645393
288,276_LYS,58,0.005549708
289,157_VAL,58,0.005549708
290,154_PHE,58,0.005549708
291,1012_ASN,58,0.005549708
292,895_GLU,57,0.005454024
293,291_PRO,57,0.005454024
294,993_ARG,56,0.005358339
295,203_ASN,56,0.005358339
296,180_GLU,55,0.005262654
297,298_SER,54,0.00516697
298,287_LYS,54,0.00516697
299,86_TRP,53,0.005071285
300,186_TRP,53,0.005071285
301,166_THR,53,0.005071285
302,911_ILE,52,0.0049756
303,19_ALA,52,0.0049756
304,102_PRO,52,0.0049756
305,24_GLU,51,0.004879916
306,887_TRP,49,0.004688547
307,199_LYS,49,0.004688547
308,37_THR,48,0.004592862
309,914_VAL,47,0.004497177
310,299_MET,47,0.004497177
311,277_SER,47,0.004497177
312,135_HIS,47,0.004497177
313,316_VAL,46,0.004401493
314,901_ALA,45,0.004305808
315,209_SER,45,0.004305808
316,202_GLN,45,0.004305808
317,987_LYS,44,0.004210123
318,905_GLU,44,0.004210123
319,44_GLU,44,0.004210123
320,108_TYR,44,0.004210123
321,1022_THR,44,0.004210123
322,1021_GLY,44,0.004210123
323,69_GLY,43,0.004114439
324,307_LEU,43,0.004114439
325,9_PRO,42,0.004018754
326,140_GLY,42,0.004018754
327,1025_TYR,42,0.004018754
328,165_SER,41,0.00392307
329,1026_PRO,41,0.00392307
330,1024_ASP,41,0.00392307
331,973_THR,40,0.003827385
332,212_THR,40,0.003827385
333,200_LEU,40,0.003827385
334,167_TYR,40,0.003827385
335,159_TRP,39,0.0037317
336,991_GLN,38,0.003636016
337,894_ASN,37,0.003540331
338,194_ALA,37,0.003540331
339,161_ILE,37,0.003540331
340,142_SER,37,0.003540331
341,267_VAL,36,0.003444646
342,101_TYR,36,0.003444646
343,325_THR,35,0.003348962
344,245_PRO,34,0.003253277
345,170_ILE,33,0.003157593
346,908_GLN,32,0.003061908
347,1023_TYR,32,0.003061908
348,886_GLY,31,0.002966223
349,39_ALA,31,0.002966223
350,250_ASN,31,0.002966223
351,910_ALA,30,0.002870539
352,918_VAL,28,0.002679169
353,266_ILE,28,0.002679169
354,247_ASP,27,0.002583485
355,193_ASP,27,0.002583485
356,192_ASN,27,0.002583485
357,997_LYS,25,0.002392116
358,902_ALA,25,0.002392116
359,41_ASP,25,0.002392116
360,196_GLU,25,0.002392116
361,176_ASN,25,0.002392116
362,12_GLN,25,0.002392116
363,71_LEU,24,0.002296431
364,295_ILE,24,0.002296431
365,294_ALA,24,0.002296431
366,906_SER,23,0.002200746
367,904_LYS,23,0.002200746
368,51_LEU,23,0.002200746
369,286_THR,23,0.002200746
370,162_LYS,23,0.002200746
371,1016_GLU,23,0.002200746
372,874_GLY,22,0.002105062
373,211_GLY,22,0.002105062
374,145_CYS,22,0.002105062
375,1027_GLN,22,0.002105062
376,1019_ARG,22,0.002105062
377,326_GLY,21,0.002009377
378,297_SER,21,0.002009377
379,198_THR,21,0.002009377
380,158_VAL,21,0.002009377
381,111_LEU,21,0.002009377
382,1020_ASN,21,0.002009377
383,8_ASP,20,0.001913692
384,1002_GLY,20,0.001913692
385,322_VAL,19,0.001818008
386,248_ALA,19,0.001818008
387,233_SER,19,0.001818008
388,10_GLY,18,0.001722323
389,66_SER,17,0.001626639
390,327_LEU,17,0.001626639
391,994_ASP,16,0.001530954
392,52_CYS,16,0.001530954
393,1013_GLU,15,0.001435269
394,966_VAL,14,0.001339585
395,65_CYS,14,0.001339585
396,195_ALA,14,0.001339585
397,189_HIS,14,0.001339585
398,188_ILE,14,0.001339585
399,907_THR,13,0.0012439
400,1029_SER,13,0.0012439
401,54_LEU,12,0.001148215
402,197_GLN,12,0.001148215
403,1009_LYS,12,0.001148215
404,42_ILE,11,0.001052531
405,210_VAL,11,0.001052531
406,72_LEU,10,0.000956846
407,112_LYS,10,0.000956846
408,91_GLU,9,0.000861162
409,1007_TYR,9,0.000861162
410,1005_GLU,9,0.000861162
411,996_ALA,8,0.000765477
412,321_LEU,8,0.000765477
413,236_MET,8,0.000765477
414,234_GLY,8,0.000765477
415,11_ASP,8,0.000765477
416,1030_GLU,8,0.000765477
417,68_ALA,7,0.000669792
418,43_LEU,7,0.000669792
419,26_VAL,7,0.000669792
420,243_LEU,7,0.000669792
421,116_SER,7,0.000669792
422,1033_ARG,7,0.000669792
423,1028_TYR,7,0.000669792
424,293_GLY,6,0.000574108
425,1036_ARG,6,0.000574108
426,1034_LEU,6,0.000574108
427,1011_ASP,6,0.000574108
428,903_ASP,5,0.000478423
429,888_TYR,5,0.000478423
430,87_SER,5,0.000478423
431,302_HIS,5,0.000478423
432,1038_GLU,5,0.000478423
433,1031_GLU,5,0.000478423
434,1003_CYS,5,0.000478423
435,984_LEU,4,0.000382738
436,275_MET,4,0.000382738
437,238_PHE,4,0.000382738
438,118_ILE,4,0.000382738
439,1037_GLU,4,0.000382738
440,1017_SER,4,0.000382738
441,90_VAL,3,0.000287054
442,890_TYR,3,0.000287054
443,263_ALA,3,0.000287054
444,251_PHE,3,0.000287054
445,1014_CYS,3,0.000287054
446,274_ILE,2,0.000191369
447,253_SER,2,0.000191369
448,208_ILE,2,0.000191369
449,16_GLY,2,0.000191369
450,14_CYS,2,0.000191369
451,1035_LYS,2,0.000191369
452,1004_PHE,2,0.000191369
453,988_VAL,1,9.56846E-05
454,970_ASN,1,9.56846E-05
455,323_LEU,1,9.56846E-05
456,309_ILE,1,9.56846E-05
457,290_THR,1,9.56846E-05
458,288_CYS,1,9.56846E-05
459,201_TYR,1,9.56846E-05
460,183_LEU,1,9.56846E-05
461,182_LEU,1,9.56846E-05
462,1015_MET,1,9.56846E-05
